<?xml version="1.0" encoding="UTF-8"?>
<project-private xmlns="http://www.netbeans.org/ns/project-private/1">
    <editor-bookmarks xmlns="http://www.netbeans.org/ns/editor-bookmarks/2" lastBookmarkId="0"/>
    <open-files xmlns="http://www.netbeans.org/ns/projectui-open-files/2">
        <group>
            <file>file:/home/shimlakanu/NetBeansProjects/WebApplication1/web/loginSuccess.jsp</file>
            <file>file:/home/shimlakanu/NetBeansProjects/WebApplication1/web/index.jsp</file>
            <file>file:/home/shimlakanu/NetBeansProjects/WebApplication1/src/java/Registration.java</file>
            <file>file:/home/shimlakanu/NetBeansProjects/WebApplication1/src/java/dto/UserDto.java</file>
            <file>file:/home/shimlakanu/NetBeansProjects/WebApplication1/src/java/model/User.java</file>
            <file>file:/home/shimlakanu/NetBeansProjects/WebApplication1/web/register.jsp</file>
            <file>file:/home/shimlakanu/NetBeansProjects/WebApplication1/web/registrationSuccess.jsp</file>
            <file>file:/home/shimlakanu/NetBeansProjects/WebApplication1/src/java/Login.java</file>
        </group>
    </open-files>
</project-private>
